{
  "categories": {
    "ethical-codes": [
      {
        "id": "belmont",
        "title": "📗 Belmont Report",
        "url": "https://www.hhs.gov/ohrp/regulations-and-policy/belmont-report/read-the-belmont-report/index.html",
        "description": "The 1979 report of the US National Commission for the Protection of Human Subjects of Biomedical and Behavioral Research that defines respect for persons, beneficence, and justice as the three overarching principles for biomedical and behavioral human subjects research."
      },
      {
        "id": "nuremberg",
        "title": "📗 Nuremberg Code",
        "url": "https://www.hhs.gov/ohrp/international/ethical-codes-and-research-standards/index.html",
        "description": "The 1947 statement from the jurists of the Nuremberg Military Tribunal, which oversaw the trials of Nazi doctors. It outlines 10 ethical standards for experimentation on human subjects."
      },
      {
        "id": "helsinki",
        "title": "📗 Declaration of Helsinki",
        "url": "https://www.wma.net/policies-post/wma-declaration-of-helsinki/",
        "description": "The set of 37 ethical principles governing biomedical human subjects research adopted by the World Medical Association, originally in 1964, and most recently in 2024."
      },
      {
        "id": "ich-gcp",
        "title": "📗 ICH GCP (E6)",
        "url": "https://www.ich.org/page/efficacy-guidelines",
        "description": "The International Council for Harmonisation of Technical Requirements for Pharmaceuticals in Human Use endorsed Good Clinical Practice guidelines to establish international standards for the ethical design, approval, and reporting of clinical trials."
      },
      {
        "id": "cioms",
        "title": "📗 International Ethical Guidelines for Biomedical Research Involving Human Subjects (CIOMS Guidelines)",
        "url": "https://cioms.ch/wp-content/uploads/2017/01/WEB-CIOMS-EthicalGuidelines.pdf",
        "description": "The Council for International Organizations of Medical Sciences, in collaboration with the World Health Organization, sets these 25 guidelines to protect humans in research."
      }
    ],
    "hhs": [
      {
        "id": "common-rule",
        "title": "📗 45 CFR 46 (Common Rule)",
        "url": "https://www.ecfr.gov/cgi-bin/retrieveECFR?gp=&SID=83cd09e1c0f5c6937cd9d7513160fc3f&pitd=20180719&n=pt45.1.46&r=PART&ty=HTML",
        "description": "Federal regulations for the protection of human subjects. Defines IRB functions, exemption categories, consent requirements, and continuing review."
      },
      {
        "id": "subpart-b",
        "title": "📗 Subpart B (Pregnant Women)",
        "url": "https://www.ecfr.gov/on/2018-07-19/title-45/subtitle-A/subchapter-A/part-46#subpart-B",
        "description": "Provides additional safeguards for research with pregnant women, fetuses, and neonates. Specifies when risk is acceptable and what consent requirements apply."
      },
      {
        "id": "subpart-c",
        "title": "📗 Subpart C (Prisoners)",
        "url": "https://www.ecfr.gov/on/2018-07-19/title-45/subtitle-A/subchapter-A/part-46#subpart-C",
        "description": "Restricts the types of research permitted with prisoners. Requires specialized IRB composition and review procedures to protect this population."
      },
      {
        "id": "subpart-d",
        "title": "📗 Subpart D (Children)",
        "url": "https://www.ecfr.gov/on/2018-07-19/title-45/subtitle-A/subchapter-A/part-46#subpart-D",
        "description": "Establishes categories of research risk for children. Includes requirements for parental permission, child assent, and federal review of higher-risk protocols."
      },
      {
        "id": "hipaa",
        "title": "📗 45 CFR 160/164 (HIPAA)",
        "url": "https://www.hhs.gov/hipaa/for-professionals/privacy/index.html",
        "description": "Sets standards for the privacy and security of health information. Defines when protected health information (PHI) can be accessed, disclosed, or de-identified for research."
      }
    ],
    "fda": [
      {
        "id": "fda-regs-50",
        "title": "📗 21 CFR 50 (Consent)",
        "url": "https://www.ecfr.gov/current/title-21/chapter-I/subchapter-A/part-50?toc=1",
        "description": "Outlines FDA requirements for obtaining and documenting informed consent. Includes specific exceptions for emergency research and special circumstances."
      },
      {
        "id": "fda-regs-56",
        "title": "📗 21 CFR 56 (IRBs)",
        "url": "https://www.ecfr.gov/current/title-21/chapter-I/subchapter-A/part-56?toc=1",
        "description": "Governs IRB composition, operations, and record-keeping for FDA-regulated studies. Establishes criteria for IRB review and procedures for disqualification."
      },
      {
        "id": "fda-regs-312",
        "title": "📗 21 CFR 312 (INDs)",
        "url": "https://www.ecfr.gov/current/title-21/chapter-I/subchapter-D/part-312?toc=1",
        "description": "Defines requirements for Investigational New Drug applications. Covers sponsor and investigator responsibilities, safety reporting, and FDA review processes."
      },
      {
        "id": "fda-regs-361",
        "title": "📗 21 CFR 361 (Radioactive Drugs)",
        "url": "https://www.ecfr.gov/current/title-21/chapter-I/subchapter-D/part-361?toc=1",
        "description": "Permits basic science research with certain radioactive drugs without an IND. Applies only under strict conditions and with RDRC committee oversight."
      },
      {
        "id": "fda-regs-600",
        "title": "📗 21 CFR 600 (Biologics)",
        "url": "https://www.ecfr.gov/current/title-21/chapter-I/subchapter-F/part-600?toc=1",
        "description": "Provides general standards for biologics, including licensing and safety reporting. Establishes requirements for facilities, inspections, and adverse event monitoring."
      },
      {
        "id": "fda-regs-812",
        "title": "📗 21 CFR 812 (IDEs)",
        "url": "https://www.ecfr.gov/current/title-21/chapter-I/subchapter-H/part-812?toc=1",
        "description": "Regulates Investigational Device Exemptions for clinical studies. Specifies IRB responsibilities and distinguishes between significant and non-significant risk devices."
      },
      {
        "id": "fda-regs-814",
        "title": "📗 21 CFR 814(H) (HUDs)",
        "url": "https://www.ecfr.gov/current/title-21/chapter-I/subchapter-H/part-814/subpart-H?toc=1",
        "description": "Establishes the Humanitarian Device Exemption (HDE) process for rare-disease devices. Requires IRB oversight of Humanitarian Use Devices and limits their commercial use."
      }
    ],
    "other-federal": [
      {
        "id": "ferpa",
        "title": "📗 FERPA (34 CFR 99)",
        "url": "https://www.ecfr.gov/cgi-bin/text-idx?tpl=/ecfrbrowse/Title34/34cfr99_main_02.tpl",
        "description": "Protects the privacy of student education records. Requires consent or specific conditions before disclosing identifiable student information for research."
      },
      {
        "id": "ppra",
        "title": "📗 PPRA (34 CFR 98)",
        "url": "https://www.govinfo.gov/app/details/CFR-2024-title34-vol1/CFR-2024-title34-vol1-part98",
        "description": "Ensures parental notification and consent for certain student surveys. Applies to federally funded educational research involving sensitive topics."
      }
    ],
    "training": [
      {
        "id": "ohrp-training",
        "title": "📗 OHRP Protection Foundational Training",
        "url": "https://www.hhs.gov/ohrp/education-and-outreach/human-research-protection-training/human-research-protection-foundational-training/index.html",
        "description": "Online modules covering Belmont principles and the Common Rule. Provides free training in core human subjects protections."
      }
    ],
    "guidance": [
      {
        "id": "fda-info-sheets",
        "title": "📗 FDA Information Sheets for Institutional Review Boards and Clinical Investigators",
        "url": "https://www.fda.gov/regulatory-information/search-fda-guidance-documents/information-sheet-guidance-sponsors-clinical-investigators-and-irbs-frequently-asked-questions",
        "description": "Practical Q&A-style guidance on FDA regulatory requirements for IRBs and clinical investigators, including consent, IRB operations, and investigator responsibilities."
      },
      {
        "id": "ohrp-policy-guidance",
        "title": "📗 OHRP Policy Guidance",
        "url": "https://www.hhs.gov/ohrp/regulations-and-policy/guidance/index.html",
        "description": "Interpretations and policy statements on the Common Rule. Clarifies how regulatory requirements apply in practice (e.g., engagement in research, exemptions)."
      }
    ]
  }
}