{
  "21 CFR 312.32(a)": "https://www.ecfr.gov/current/title-21/chapter-I/subchapter-D/part-312/subpart-B/section-312.32#p-312.32(a)",
  "21 CFR 312": "https://www.ecfr.gov/current/title-21/chapter-I/subchapter-D/part-312",
  "Belmont Report": "https://www.hhs.gov/ohrp/regulations-and-policy/belmont-report/read-the-belmont-report/index.html",
  "21 CFR 50.3(i)": "https://www.ecfr.gov/current/title-21/chapter-I/subchapter-A/part-50/subpart-A/section-50.3#p-50.3(i)",
  "21 CFR 50.3(g)": "https://www.ecfr.gov/current/title-21/chapter-I/subchapter-A/part-50/subpart-A/section-50.3#p-50.3(g)",
  "21 CFR 50.3(h)": "https://www.ecfr.gov/current/title-21/chapter-I/subchapter-A/part-50/subpart-A/section-50.3#p-50.3(h)",
  "21 CFR 50.3(k)": "https://www.ecfr.gov/current/title-21/chapter-I/subchapter-A/part-50/subpart-A/section-50.3#p-50.3(k)",
  "21 CFR 50.3(l)": "https://www.ecfr.gov/current/title-21/chapter-I/subchapter-A/part-50/subpart-A/section-50.3#p-50.3(l)",
  "21 CFR 50.3(e)": "https://www.ecfr.gov/current/title-21/chapter-I/subchapter-A/part-50/subpart-A/section-50.3#p-50.3(e)",
  "21 CFR 50.3(f)": "https://www.ecfr.gov/current/title-21/chapter-I/subchapter-A/part-50/subpart-A/section-50.3#p-50.3(f)",
  "21 CFR 50.3(j)": "https://www.ecfr.gov/current/title-21/chapter-I/subchapter-A/part-50/subpart-A/section-50.3#p-50.3(j)",
  "21 CFR 50.3(p)": "https://www.ecfr.gov/current/title-21/chapter-I/subchapter-A/part-50/subpart-A/section-50.3#p-50.3(p)",
  "21 CFR 50.3(r)": "https://www.ecfr.gov/current/title-21/chapter-I/subchapter-A/part-50/subpart-A/section-50.3#p-50.3(r)",
  "21 CFR 809.3(a)": "https://www.ecfr.gov/current/title-21/chapter-I/subchapter-H/part-809/subpart-A/section-809.3#p-809.3(a)",
  "21 C.F.R. § 600.3(h)": "https://www.ecfr.gov/current/title-21/chapter-I/subchapter-F/part-600/subpart-A/section-600.3#p-600.3(h)",
  "45 CFR 46.102(b)": "https://www.ecfr.gov/current/title-45/subtitle-A/subchapter-A/part-46/subpart-A/section-46.102#p-46.102(b)",
  "45 CFR 46.102(e)(1)": "https://www.ecfr.gov/current/title-45/subtitle-A/subchapter-A/part-46/subpart-A/section-46.102#p-46.102(e)(1)",
  "45 CFR 46.102(e)(2)": "https://www.ecfr.gov/current/title-45/subtitle-A/subchapter-A/part-46/subpart-A/section-46.102#p-46.102(e)(2)",
  "45 CFR 46.102(e)(3)": "https://www.ecfr.gov/current/title-45/subtitle-A/subchapter-A/part-46/subpart-A/section-46.102#p-46.102(e)(3)",
  "45 CFR 46.102(e)(4)": "https://www.ecfr.gov/current/title-45/subtitle-A/subchapter-A/part-46/subpart-A/section-46.102#p-46.102(e)(4)",
  "45 CFR 46.102(f)": "https://www.ecfr.gov/current/title-45/subtitle-A/subchapter-A/part-46/subpart-A/section-46.102#p-46.102(f)",
  "45 CFR 46.102(i)": "https://www.ecfr.gov/current/title-45/subtitle-A/subchapter-A/part-46/subpart-A/section-46.102#p-46.102(i)",
  "45 CFR 46.102(j)": "https://www.ecfr.gov/current/title-45/subtitle-A/subchapter-A/part-46/subpart-A/section-46.102#p-46.102(j)",
  "45 CFR 46.102(k)": "https://www.ecfr.gov/current/title-45/subtitle-A/subchapter-A/part-46/subpart-A/section-46.102#p-46.102(k)",
  "45 CFR 46.102(m)": "https://www.ecfr.gov/current/title-45/subtitle-A/subchapter-A/part-46/subpart-A/section-46.102#p-46.102(m)",
  "45 CFR 46.110(b)(1)(ii)": "https://www.ecfr.gov/current/title-45/subtitle-A/subchapter-A/part-46/subpart-A/section-46.110#p-46.110(b)(1)(ii)",
  "45 CFR 46.116(f)": "https://www.ecfr.gov/current/title-45/subtitle-A/subchapter-A/part-46/subpart-A/section-46.116#p-46.116(f)",
  "45 CFR 46.116": "https://www.ecfr.gov/current/title-45/subtitle-A/subchapter-A/part-46/subpart-A/section-46.116",
  "45 CFR 46.111(a)(1)": "https://www.ecfr.gov/current/title-45/subtitle-A/subchapter-A/part-46/subpart-A/section-46.111#p-46.111(a)(1)",
  "45 CFR 46.113": "https://www.ecfr.gov/current/title-45/subtitle-A/subchapter-A/part-46/subpart-A/section-46.113",
  "45 CFR 46.108(b)": "https://www.ecfr.gov/current/title-45/subtitle-A/subchapter-A/part-46/subpart-A/section-46.108#p-46.108(b)",
  "45 CFR 46 Subpart D": "https://www.ecfr.gov/current/title-45/subtitle-A/subchapter-A/part-46/subpart-D",
  "45 CFR 46.103(b)(4)": "https://www.ecfr.gov/current/title-45/subtitle-A/subchapter-A/part-46/subpart-A/section-46.103#p-46.103(b)(4)",
  "20 USC § 1232h": "https://www.govinfo.gov/content/pkg/USCODE-2022-title20/html/USCODE-2022-title20-chap31-subchapIII-part4-sec1232h.htm",
  "34 CFR Part 98": "https://www.ecfr.gov/current/title-34/subtitle-A/part-98",
  "21 U.S.C. § 321(g)(1)": "https://www.govinfo.gov/content/pkg/USCODE-2022-title21/html/USCODE-2022-title21-chap9-subchapII-sec321.htm",
  "FD&C Act § 201(g)(1)": "https://www.govinfo.gov/content/pkg/USCODE-2022-title21/html/USCODE-2022-title21-chap9-subchapII-sec321.htm",
  "PHS Act § 351": "https://www.govinfo.gov/content/pkg/USCODE-2022-title42/html/USCODE-2022-title42-chap6A-subchapII-partF-subpart1-sec262.htm",
  "OHRP Guidance": "https://www.hhs.gov/ohrp/regulations-and-policy/guidance/reviewing-unanticipated-problems/index.html",
  "OHRP Guidance (2010)": "https://www.hhs.gov/ohrp/regulations-and-policy/guidance/guidance-on-irb-approval-of-research-with-conditions-2010/index.html",
  "ICH E2A": "https://database.ich.org/sites/default/files/E2A_Guideline.pdf",
  "45 CFR 46.111(a)(2)": "https://www.ecfr.gov/current/title-45/part-46/section-46.111#p-46.111(a)(2)",
  "45 CFR 46.107": "https://www.ecfr.gov/current/title-45/section-46.107",
  "21 CFR 56.107": "https://www.ecfr.gov/current/title-21/section-56.107",
  "45 CFR 46.115(a)(2)": "https://www.ecfr.gov/current/title-45/part-46/section-46.115#p-46.115(a)(2)",
  "21 CFR 56.115(a)(2)": "https://www.ecfr.gov/current/title-21/part-56/section-56.115#p-56.115(a)(2)",
  "OHRP IRB Minutes Guidance": "https://www.hhs.gov/ohrp/minutes-institutional-review-board-irb-meetings-guidance-institutions-and-irbs.html-0",
  "45 CFR 46.108(a)(3)": "https://www.ecfr.gov/current/title-45/part-46/section-46.108#p-46.108(a)(3)",
  "45 CFR 46.108(a)(4)": "https://www.ecfr.gov/current/title-45/part-46/section-46.108#p-46.108(a)(4)",
  "21 CFR 56.108(a)": "https://www.ecfr.gov/current/title-21/part-56/section-56.108#p-56.108(a)",
  "21 CFR 56.108(b)": "https://www.ecfr.gov/current/title-21/part-56/section-56.108#p-56.108(b)"
}