{
  "themes": [
    {
      "id": "informed-consent",
      "title": "Informed Consent & Deception",
      "description": "Ensuring participants receive truthful information and genuinely understand what they're agreeing to",
      "ethical_tension": "Truth-telling vs. research validity",
      "primary_case": "jewish-hospital",
      "related_cases": [
        "tuskegee",
        "nazi-doctors",
        "milgram",
        "beecher"
      ],
      "gradient": "from-red-50 to-pink-100",
      "border": "border-red-500",
      "tagColor": "text-red-600"
    },
    {
      "id": "vulnerable-populations",
      "title": "Vulnerable Populations",
      "description": "Protecting those who cannot easily protect their own interests while respecting their autonomy",
      "ethical_tension": "Protection vs. inclusion",
      "primary_case": "willowbrook",
      "related_cases": [
        "tuskegee",
        "guatemala"
      ],
      "gradient": "from-orange-50 to-yellow-100",
      "border": "border-orange-500",
      "tagColor": "text-orange-600"
    },
    {
      "id": "secondary-use",
      "title": "Biospecimens & Secondary Use",
      "description": "Using biological samples or data for purposes beyond the original consent scope",
      "ethical_tension": "Scientific progress vs. consent boundaries",
      "primary_case": "havasupai",
      "related_cases": [
        "henrietta-lacks"
      ],
      "gradient": "from-green-50 to-lime-100",
      "border": "border-green-500",
      "tagColor": "text-green-600"
    },
    {
      "id": "risk-benefit",
      "title": "Risk/Benefit Assessment",
      "description": "Evaluating whether research risks are justified by potential benefits",
      "ethical_tension": "Individual risk vs. societal benefit",
      "primary_case": "beecher",
      "related_cases": [
        "nazi-doctors",
        "milgram",
        "stanford-prison"
      ],
      "gradient": "from-emerald-50 to-green-100",
      "border": "border-emerald-500",
      "tagColor": "text-emerald-600"
    },
    {
      "id": "international-research",
      "title": "International Research",
      "description": "Ensuring ethical standards apply across different countries and cultures",
      "ethical_tension": "Universal standards vs. local context",
      "primary_case": "guatemala",
      "related_cases": [
        "havasupai"
      ],
      "gradient": "from-indigo-50 to-blue-100",
      "border": "border-indigo-500",
      "tagColor": "text-indigo-600"
    },
    {
      "id": "standard-care",
      "title": "Standard of Care",
      "description": "Ensuring participants receive appropriate care during research participation",
      "ethical_tension": "Research design vs. participant welfare",
      "primary_case": "tuskegee",
      "related_cases": [
        "beecher",
        "stanford-prison",
        "gelsinger"
      ],
      "gradient": "from-teal-50 to-cyan-100",
      "border": "border-teal-500",
      "tagColor": "text-teal-600"
    },
    {
      "id": "conflicts-of-interest",
      "title": "Conflicts of Interest",
      "description": "Managing financial and professional interests that could compromise research integrity",
      "ethical_tension": "Scientific objectivity vs. financial interests",
      "primary_case": "gelsinger",
      "related_cases": [
        "beecher",
        "stanford-prison"
      ],
      "gradient": "from-purple-50 to-pink-100",
      "border": "border-purple-500",
      "tagColor": "text-purple-600"
    },
    {
      "id": "privacy-data",
      "title": "Privacy & Data Protection",
      "description": "Protecting participant privacy and maintaining confidentiality of research data",
      "ethical_tension": "Research access vs. privacy rights",
      "primary_case": "henrietta-lacks",
      "related_cases": [
        "havasupai"
      ],
      "gradient": "from-rose-50 to-red-100",
      "border": "border-rose-500",
      "tagColor": "text-rose-600"
    }
  ],
  "historical_cases": {
    "nazi-doctors": {
      "id": "nazi-doctors",
      "year": "1946–1947",
      "title": "Nazi Doctors’ Trial",
      "tag": "Nuremberg Code and the postwar prosecution of physician-researchers",
      "what_happened": "During World War II, Nazi physicians conducted lethal experiments on concentration-camp prisoners—including hypothermia, high-altitude, sterilization, malaria, and poison studies—without consent or anesthesia. The 1946–1947 Doctors’ Trial at Nuremberg convicted 16 defendants and articulated the Nuremberg Code, emphasizing voluntary consent, scientific necessity, favorable risk–benefit, and the avoidance of unnecessary suffering.",
      "what_went_wrong": [
        "Prisoners were coerced into experiments without consent.",
        "Experiments imposed extreme suffering and death without prospect of benefit.",
        "No independent ethical review or accountability existed."
      ],
      "what_we_learned": [
        "Voluntary informed consent is the non-negotiable foundation of ethical research.",
        "Research risks must be scientifically justified and minimized; unnecessary suffering is unethical.",
        "Prior independent review is essential to prevent investigator abuse and protect participants."
      ],
      "related_protections": [
        "Nuremberg Code Principle 1 — Voluntary consent is essential",
        "45 CFR 46.116(a)(1) — Requires legally effective informed consent",
        "Nuremberg Code Principles 2–4 — Scientific necessity and avoidance of unnecessary suffering",
        "45 CFR 46.111(a)(1–2) — Risks minimized and reasonable in relation to benefits",
        "45 CFR 46.109(a) — IRB review and approval required"
      ]
    },
    "jewish-hospital": {
      "id": "jewish-hospital",
      "year": "1963",
      "title": "Jewish Chronic Disease Hospital Study",
      "tag": "Cancer-cell injections without disclosure in a clinical setting",
      "what_happened": "At a Brooklyn chronic-disease hospital, elderly patients were injected with live cancer cells to study immune rejection. Investigators claimed the injections were harmless and did not inform patients that the material was malignant or that they were part of a research study; they also failed to obtain prior institutional approval.",
      "what_went_wrong": [
        "Patients were deceived about the nature and purpose of injections.",
        "The study proceeded without prior institutional/IRB review."
      ],
      "what_we_learned": [
        "Participants must be told the true purpose, procedures, and risks before agreeing.",
        "Human-subjects research requires independent ethical review before initiation to prevent foreseeable harm."
      ],
      "related_protections": [
        "45 CFR 46.116(a)(1) — Consent must describe purpose, procedures, and risks",
        "45 CFR 46.109(a) — IRB approval required prior to research"
      ]
    },
    "willowbrook": {
      "id": "willowbrook",
      "year": "1956–1972",
      "title": "Willowbrook Hepatitis Study",
      "tag": "Deliberate infection of institutionalized children; coerced parental consent",
      "what_happened": "At Willowbrook State School in New York, children with intellectual disabilities were intentionally infected with hepatitis to study disease progression. Admission to the overcrowded institution was tied to participation, creating coercive conditions for parents and underscoring the need for special protections for children.",
      "what_went_wrong": [
        "Children were deliberately infected with hepatitis.",
        "Parental “consent” was coerced by tying admission to participation.",
        "Institutionalized children lacked independent advocates."
      ],
      "what_we_learned": [
        "Pediatric research is permissible only when risk is minimal or offset by direct benefit.",
        "Consent must be voluntary and free from undue influence tied to services or access.",
        "Vulnerable subjects require additional protections, including independent advocacy when appropriate."
      ],
      "related_protections": [
        "45 CFR 46 Subpart D (§§404–406) — Additional protections for children in research",
        "45 CFR 46.116(a)(2) — Consent must be sought under circumstances that minimize coercion or undue influence",
        "45 CFR 46.408(b) — Advocate required for wards of the state in certain research"
      ]
    },
    "tuskegee": {
      "id": "tuskegee",
      "year": "1932–1972",
      "title": "U.S. Public Health Service Tuskegee Study of Untreated Syphilis in the Negro Male",
      "tag": "US Public Health Service observation of untreated syphilis in Black men; penicillin withheld",
      "what_happened": "The U.S. Public Health Service observed the natural history of untreated syphilis in Black men in Macon County, Alabama. Participants were uninformed about their diagnosis and told spinal taps were \"special free treatment\" and withheld treatment, even after penicillin became standard of care. This led to the passage of the National Research Act (1974), IRB requirements, and the Belmont Report.",
      "what_went_wrong": [
        "Participants were deceived and denied known effective treatment.",
        "A racially and economically marginalized population was targeted for study burden.",
        "The study continued for decades without reevaluation or external oversight."
      ],
      "what_we_learned": [
        "Research may not deny participants accepted therapy; risks must be minimized and justified.",
        "Subject selection must be equitable to avoid exploitation and fairly distribute burdens and benefits.",
        "Ongoing IRB review is required to reassess risk, benefits, and consent as evidence changes."
      ],
      "related_protections": [
        "45 CFR 46.111(a)(1–2) — Risks minimized and reasonable in relation to benefits",
        "45 CFR 46.111(a)(3) — Equitable selection of subjects",
        "45 CFR 46.109(e) — Continuing IRB review"
      ]
    },
    "beecher": {
      "id": "beecher",
      "year": "1966",
      "title": "Beecher Article: “Ethics and Clinical Research”",
      "tag": "NEJM exposé of 22 unethical but published studies; catalyzed IRB requirements",
      "what_happened": "Harvard anesthesiologist Henry K. Beecher documented 22 published U.S. studies that exposed participants to risks without adequate consent or benefit, demonstrating that unethical research occurred at respected institutions. The article catalyzed national policy requiring institutional IRB review, and codified risk–benefit assessment and informed-consent elements in federal regulation.",
      "what_went_wrong": [
        "Studies were conducted and published without valid consent or adequate risk–benefit justification.",
        "Institutions lacked consistent systems of ethical review and accountability."
      ],
      "what_we_learned": [
        "IRBs must verify that designs minimize risk, justify benefits, and include valid consent before approval.",
        "Institutions must establish and enforce procedures for ethical review and prompt reporting of problems."
      ],
      "related_protections": [
        "45 CFR 46.111(a)(1–2) — Risks minimized and reasonable; risk–benefit assessment",
        "45 CFR 46.116(a) — Required consent elements (purpose, risks, benefits)",
        "45 CFR 46.109(a) — IRB review required before human-subjects research",
        "45 CFR 46.103(b)(5) — Institutional procedures for prompt reporting of unanticipated problems"
      ]
    },
    "milgram": {
      "id": "milgram",
      "year": "1961–1963",
      "title": "Milgram Obedience Study",
      "tag": "Deception about purpose and harm; severe participant distress",
      "what_happened": "At Yale University, volunteers were instructed to administer electric “shocks” to a learner for wrong answers. Though no real shocks were delivered, many participants believed they caused severe pain or death and experienced intense emotional distress. The study clarified ethical limits on deception and highlighted psychological risk.",
      "what_went_wrong": [
        "Participants were deceived about the study’s true purpose and potential harm.",
        "Participants experienced significant and unanticipated emotional distress."
      ],
      "what_we_learned": [
        "Deception is permissible only if it meets IRB criteria for altering consent, involves no more than minimal risk, and includes full debriefing.",
        "Psychological harm must be anticipated and minimized as rigorously as physical harm."
      ],
      "related_protections": [
        "45 CFR 46.116(d) — IRB may waive/alter consent elements only if risk is minimal and debriefing is provided when appropriate",
        "45 CFR 46.111(a)(1) — Risks to subjects must be minimized"
      ]
    },
    "stanford-prison": {
      "id": "stanford-prison",
      "year": "1971",
      "title": "Stanford Prison Experiment",
      "tag": "Simulated prison; investigator role conflict; escalating psychological harm",
      "what_happened": "In a simulated prison at Stanford, student “guards” rapidly became abusive and “prisoners” experienced humiliation and psychological trauma. The principal investigator also served as “prison superintendent,” compromising objectivity and allowing harm to escalate. The study was halted after six days and is now a touchstone for the necessity of independent oversight and stopping rules in behavioral research.",
      "what_went_wrong": [
        "Escalating psychological harm was not promptly addressed.",
        "The principal investigator’s dual role (researcher and superintendent) undermined impartial judgment and participant protection.",
        "No independent monitoring or pre-defined stopping rules were in place."
      ],
      "what_we_learned": [
        "Studies must be stopped when actual risk exceeds what was anticipated or justified.",
        "Oversight must ensure investigators avoid conflicting roles and that independent monitoring can halt unsafe studies.",
        "Behavioral research requires active safety monitoring and explicit stopping criteria."
      ],
      "related_protections": [
        "45 CFR 46.111(a)(2) — Risks must be reasonable in relation to anticipated benefits",
        "45 CFR 46.111(a)(1) — Risks minimized through adequate safeguards during conduct; institutional oversight to prevent harm",
        "45 CFR 46.103(b)(5) — Institutional procedures for prompt reporting and corrective action; continuing oversight by the IRB (46.109(e))"
      ]
    },
    "guatemala": {
      "id": "guatemala",
      "year": "1946–1948",
      "title": "Guatemala Syphilis Experiments",
      "tag": "Non-consensual STI infection abroad; transnational exploitation; lack of host-country review",
      "what_happened": "U.S. Public Health Service researchers in Guatemala intentionally infected prisoners, soldiers, and psychiatric patients with syphilis, gonorrhea, and chancroid without consent to test prophylaxis and treatment with penicillin. Revealed decades later, the studies demonstrated exploitation across national boundaries and underscored universal consent standards and host-country ethical review.",
      "what_went_wrong": [
        "Participants were intentionally infected without consent or awareness.",
        "Institutionalized and marginalized populations were targeted because they lacked power to refuse.",
        "No host-country ethical review or governmental approval was obtained."
      ],
      "what_we_learned": [
        "Informed consent is a universal ethical requirement applicable in all settings.",
        "Research must not exploit vulnerable populations; subject selection must be equitable.",
        "International research must undergo ethical review in the host country to ensure accountability and cultural appropriateness."
      ],
      "related_protections": [
        "Declaration of Helsinki, Article 25 — Participation must be voluntary and informed",
        "45 CFR 46.111(a)(3) — Equitable selection of subjects",
        "CIOMS Guideline 2 — Requires scientific and ethical review in the host country"
      ]
    },
    "henrietta-lacks": {
      "id": "henrietta-lacks",
      "year": "1951–Present",
      "title": "Henrietta Lacks / HeLa Cells",
      "tag": "Unconsented biospecimen use; privacy; fairness in recognition and benefits",
      "what_happened": "Cervical cancer cells taken from Henrietta Lacks without her knowledge became the first immortal human cell line (HeLa), enabling major advances in virology, vaccines, and cancer research. Neither Lacks nor her family were informed or compensated, and later publication of HeLa genomic data raised renewed concerns about privacy and family impact.",
      "what_went_wrong": [
        "Identifiable biospecimens were collected and used without patient consent.",
        "The family was excluded from communication and acknowledgment despite enduring research use.",
        "HeLa genomic data were shared publicly, raising privacy concerns for relatives."
      ],
      "what_we_learned": [
        "Consent is required when identifiable biospecimens are collected, stored, or used for research.",
        "Transparency, respect, and fair acknowledgment of contributions help sustain public trust.",
        "Genetic information requires explicit privacy safeguards and careful governance of data access."
      ],
      "related_protections": [
        "45 CFR 46.116(b)(9) — Broad consent for storage, maintenance, and secondary research use of identifiable biospecimens",
        "CIOMS Guideline 12 — Equitable distribution of research benefits and fair recognition of contributors",
        "45 CFR 46.111(a)(7) — Adequate provisions to protect privacy and maintain confidentiality"
      ]
    },
    "havasupai": {
      "id": "havasupai",
      "year": "1990–2010",
      "title": "Havasupai Tribe DNA Case",
      "tag": "Secondary use beyond consent; cultural and sovereignty harms",
      "what_happened": "Blood samples collected from Havasupai Tribe members for diabetes studies were later reused for schizophrenia, inbreeding, and migration research without the participants’ consent. The reuse violated cultural values and tribal sovereignty, resulting in litigation, a 2010 settlement, and the return of samples.",
      "what_went_wrong": [
        "Samples were reused for studies beyond the original consent scope.",
        "Cultural values and tribal sovereignty were disregarded."
      ],
      "what_we_learned": [
        "Researchers must obtain and honor broad consent that clearly specifies permitted secondary uses of identifiable biospecimens.",
        "Ethical respect extends to communities; researchers must engage communities and honor cultural sensitivities."
      ],
      "related_protections": [
        "45 CFR 46.116(b)(9) — Broad consent for storage, maintenance, and secondary research use of identifiable biospecimens",
        "CIOMS Guideline 9 — Community engagement and cultural sensitivity in research"
      ]
    },
    "gelsinger": {
      "id": "gelsinger",
      "year": "1999",
      "title": "Jesse Gelsinger Gene Therapy Trial",
      "tag": "Participant death following unreported risks and undisclosed investigator financial interests",
      "what_happened": "At the University of Pennsylvania, 18-year-old Jesse Gelsinger died during a gene-therapy trial after investigators failed to disclose prior serious adverse events and their financial interests in the technology. The case reshaped expectations for safety reporting, conflict-of-interest management, and institutional accountability in high-risk research.",
      "what_went_wrong": [
        "Serious adverse events and risk signals were not promptly reported to oversight bodies.",
        "Investigator financial conflicts of interest were undisclosed.",
        "Institutional oversight failed to intervene despite warning signs."
      ],
      "what_we_learned": [
        "Timely reporting of unanticipated problems is essential to protect participants.",
        "Financial interests can bias judgment and risk communication; institutions must identify, disclose, and manage conflicts to preserve objectivity and trust.",
        "Institutions share responsibility for continuous safety monitoring and prompt response to new risks."
      ],
      "related_protections": [
        "21 CFR 312.66 — Investigator must promptly report unanticipated problems/adverse events to the IRB and comply with regulatory reporting",
        "42 CFR Part 50, Subpart F — Promoting Objectivity in Research by managing investigator financial conflicts of interest",
        "45 CFR 46.103(b)(5) — Institutional procedures for prompt reporting of unanticipated problems and noncompliance"
      ]
    }
  }
}