{
  "themes": [
    {
      "id": "humane-treatment-3rs",
      "title": "Humane Treatment & the 3Rs",
      "color": "blue",
      "primary_case": "russell-burch-3rs-1959",
      "related_cases": [
        "species-specific-welfare-advances-1990s-2010s",
        "guide-2011"
      ],
      "description": "Evolution of Replacement, Reduction, and Refinement and their integration into programmatic oversight.",
      "ethical_tension": "Scientific objectives vs. minimizing pain and distress",
      "gradient": "from-blue-50 to-white",
      "border": "border-blue-200",
      "tagColor": "text-blue-600"
    },
    {
      "id": "regulatory-oversight",
      "title": "Regulatory Oversight & Accountability",
      "color": "green",
      "primary_case": "awa-original-1966",
      "related_cases": [
        "silver-spring-monkeys-1981",
        "awa-1985-amendments",
        "columbia-suspension-1988"
      ],
      "description": "Federal authority, inspections, and accountability mechanisms for covered species and activities.",
      "ethical_tension": "Innovation speed vs. compliance and enforcement",
      "gradient": "from-green-50 to-white",
      "border": "border-green-200",
      "tagColor": "text-green-600"
    },
    {
      "id": "institutional-responsibility",
      "title": "Institutional Responsibility",
      "color": "purple",
      "primary_case": "hrea-1985",
      "related_cases": [
        "penn-head-injury-lab-1984",
        "phs-policy-1971-1986"
      ],
      "description": "IACUC, Assurance, and institutional systems that uphold humane care and use.",
      "ethical_tension": "Local flexibility vs. consistent national standards",
      "gradient": "from-purple-50 to-white",
      "border": "border-purple-200",
      "tagColor": "text-purple-600"
    },
    {
      "id": "professional-standards",
      "title": "Professional Standards & Accreditation",
      "color": "orange",
      "primary_case": "aaalac-founding-1965",
      "related_cases": [
        "phs-policy-1971-1986",
        "guide-2011"
      ],
      "description": "Voluntary accreditation and adoption of the Guide as the centerpiece for high-quality programs.",
      "ethical_tension": "Minimum prescriptive rules vs. outcome-based performance standards",
      "gradient": "from-orange-50 to-white",
      "border": "border-orange-200",
      "tagColor": "text-orange-600"
    },
    {
      "id": "public-trust-transparency",
      "title": "Public Trust & Transparency",
      "color": "teal",
      "primary_case": "penn-head-injury-lab-1984",
      "related_cases": [
        "silver-spring-monkeys-1981",
        "columbia-suspension-1988"
      ],
      "description": "Visibility, accountability, and public confidence shaped by notable enforcement and media events.",
      "ethical_tension": "Operational privacy vs. public transparency",
      "gradient": "from-teal-50 to-white",
      "border": "border-teal-200",
      "tagColor": "text-teal-600"
    },
    {
      "id": "species-protections",
      "title": "Species-Specific Protections",
      "color": "rose",
      "primary_case": "chimp-act-2000",
      "related_cases": [
        "transit-and-field-studies-oversight-1990s-2010s",
        "species-specific-welfare-advances-1990s-2010s"
      ],
      "description": "Special protections and program adaptations for species with unique welfare needs or legal status.",
      "ethical_tension": "Species-specific welfare vs. generalizable program policies",
      "gradient": "from-rose-50 to-white",
      "border": "border-rose-200",
      "tagColor": "text-rose-600"
    }
  ],
  "historical_cases": {
    "russell-burch-3rs-1959": {
      "title": "Russell & Burch Publish The 3Rs",
      "year": "1959",
      "summary": "Introduced the principles of Replacement, Reduction, and Refinement as a framework for humane animal research. The monograph reframed animal use as a design problem—urging scientists to seek alternatives, reduce numbers, and refine techniques without compromising scientific integrity.",
      "what_happened": "Publication of 'The Principles of Humane Experimental Technique' formalized the 3Rs, influencing later policy and guidance. The monograph reframed animal use as a design problem—urging scientists to seek alternatives, reduce numbers, and refine techniques without compromising scientific integrity.",
      "what_went_wrong": [
        "Lack of systematic expectations to minimize pain and distress across protocols.",
        "Insufficient emphasis on refinement of procedures and endpoints to reduce suffering."
      ],
      "what_we_learned": [
        "Programs must require procedures that minimize pain and distress, including appropriate anesthesia and analgesia.",
        "Refinement (e.g., humane endpoints, improved housing/enrichment) is a continuous obligation overseen by IACUC and veterinary staff."
      ],
      "related_protections": [
        "PHS Policy IV.C.1.a — Procedures with animals should avoid or minimize discomfort, distress, and pain consistent with sound research design",
        "Guide 2011, Ch. 2 (Animal Care & Use Program) — Performance standards; refinement and humane endpoints as program expectations"
      ],
      "id": "russell-burch-3rs-1959"
    },
    "aaalac-founding-1965": {
      "title": "AAALAC International Founded",
      "year": "1965",
      "summary": "Voluntary accreditation body established to promote high standards of animal care and use beyond minimum requirements. Accreditation’s peer-to-peer model catalyzed the spread of best practices and a culture of continuous program improvement beyond regulatory minimums.",
      "what_happened": "Institutions sought external, peer-based evaluation and recognition for excellence in animal care and use programs. Accreditation’s peer-to-peer model catalyzed the spread of best practices and a culture of continuous program improvement beyond regulatory minimums.",
      "what_went_wrong": [
        "Inconsistent quality where institutions met minimum regulations but lacked continuous improvement.",
        "Limited external benchmarking across institutions to identify best practices."
      ],
      "what_we_learned": [
        "Voluntary accreditation drives continuous quality improvement beyond regulatory minimums.",
        "Peer review and benchmarking support adoption of high-impact practices from the Guide."
      ],
      "related_protections": [
        "PHS Policy IV.A — Domestic institutions must base their program on the Guide for the Care and Use of Laboratory Animals",
        "Guide 2011, Ch. 2 (Animal Care & Use Program) — Framework for a comprehensive, outcome-based program of animal care and use"
      ],
      "id": "aaalac-founding-1965"
    },
    "awa-original-1966": {
      "title": "Animal Welfare Act Passed",
      "year": "1966",
      "summary": "First U.S. federal law regulating animal dealers, transport, and certain research uses; subsequently expanded by amendments. Early focus on dealers and transport set the stage for later amendments that expanded oversight of research facilities and IACUCs.",
      "what_happened": "Public concern about pet theft and poor dealer practices spurred federal regulation of dealers and research facilities. Early focus on dealers and transport set the stage for later amendments that expanded oversight of research facilities and IACUCs.",
      "what_went_wrong": [
        "Unregulated animal dealers and inadequate records enabled pet theft and poor sourcing.",
        "Transport conditions often failed to safeguard animal welfare.",
        "Limited federal oversight of research facilities receiving covered species."
      ],
      "what_we_learned": [
        "Licensing, registration, and recordkeeping are essential for traceability and accountability.",
        "Shipping standards and oversight reduce harm during transport.",
        "Federal inspections and facility standards are foundational to compliance."
      ],
      "related_protections": [
        "9 CFR §2.1 — Requirements for dealers, exhibitors, and operators of auction sales; licensing",
        "9 CFR §2.75 — Records: Dealers and exhibitors; maintenance of acquisition and disposition records",
        "9 CFR Part 3 — Standards for transport, handling, care, and housing of covered species",
        "9 CFR §2.75 — Records: Dealers and exhibitors; maintenance of acquisition and disposition records"
      ],
      "id": "awa-original-1966"
    },
    "phs-policy-1971-1986": {
      "title": "Public Health Service Policy on Humane Care and Use of Laboratory Animals",
      "year": "1986",
      "summary": "Establishes IACUCs, Assurance with OLAW, and Guide-based program expectations for PHS-funded activities. Linking funding to an Animal Welfare Assurance and IACUC oversight standardized expectations across recipient institutions.",
      "what_happened": "PHS and NIH formalized requirements linking funding to IACUC oversight and adherence to the Guide. Linking funding to an Animal Welfare Assurance and IACUC oversight standardized expectations across recipient institutions.",
      "what_went_wrong": [
        "Inconsistent institutional oversight structures leading to variable welfare outcomes.",
        "Lack of clear documentation tying programs to externally recognized standards."
      ],
      "what_we_learned": [
        "All PHS-funded institutions must maintain an Animal Welfare Assurance and an active IACUC.",
        "Programs must be based on the Guide, with periodic program/facility review."
      ],
      "related_protections": [
        "PHS Policy IV.A — Institutional Program for Animal Care and Use; Animal Welfare Assurance filed with OLAW",
        "PHS Policy IV.A — Institutional Program for Animal Care and Use; Animal Welfare Assurance filed with OLAW",
        "PHS Policy IV.B.1 & B.2 — IACUC semiannual program review and facility inspection using the Guide"
      ],
      "id": "phs-policy-1971-1986"
    },
    "silver-spring-monkeys-1981": {
      "title": "Silver Spring Monkeys",
      "year": "1981",
      "summary": "USDA enforcement following undercover investigation of primate care led to heightened expectations for oversight and vet care. The case galvanized enforcement and made veterinary authority and facility inspections visible pillars of program oversight.",
      "what_happened": "Investigations documented inadequate veterinary care and husbandry; case spurred reforms and enforcement emphasis. The case galvanized enforcement and made veterinary authority and facility inspections visible pillars of program oversight.",
      "what_went_wrong": [
        "Inadequate veterinary care and authority to intervene when animals were injured.",
        "Deficient housing and sanitation practices compromising animal health.",
        "Insufficient institutional oversight and protocol review."
      ],
      "what_we_learned": [
        "Attending veterinarians must have authority to ensure adequate veterinary care.",
        "Facilities require routine inspection and corrective action to meet standards.",
        "Independent IACUC review of activities prevents conflicts and identifies risks."
      ],
      "related_protections": [
        "9 CFR §2.33 — Attending veterinarian and adequate veterinary care",
        "9 CFR §2.31(c)(2) — IACUC must inspect facilities and animal study areas at least once every six months",
        "9 CFR §2.31(d)(1) — IACUC review of activities involving animals",
        "Guide 2011, Ch. 4 (Veterinary Care) — Pain management and humane endpoints"
      ],
      "id": "silver-spring-monkeys-1981"
    },
    "penn-head-injury-lab-1984": {
      "title": "University of Pennsylvania Head Injury Laboratory",
      "year": "1984",
      "summary": "Publicized noncompliance led to strengthened expectations around humane endpoints, training, and IACUC authority. The federal response underscored the role of humane endpoints, personnel training, and congruence monitoring in high-risk work.",
      "what_happened": "Videotapes revealed troubling practices; NIH suspended funds; the case catalyzed reforms in oversight and training. The federal response underscored the role of humane endpoints, personnel training, and congruence monitoring in high-risk work.",
      "what_went_wrong": [
        "Absence of clearly defined humane endpoints in high-risk procedures.",
        "Inadequate personnel training and oversight on complex surgical/trauma models."
      ],
      "what_we_learned": [
        "IACUCs must require humane endpoints and continuous monitoring in high-impact procedures.",
        "Training and qualifications are essential for personnel conducting specialized techniques."
      ],
      "related_protections": [
        "PHS Policy IV.C.1.a — Procedures should avoid or minimize discomfort, distress, and pain; use of humane endpoints",
        "9 CFR §2.32 — Personnel qualifications and training",
        "PHS Policy IV.B.1 & B.2 — IACUC program review and facility inspection using the Guide"
      ],
      "id": "penn-head-injury-lab-1984"
    },
    "awa-1985-amendments": {
      "title": "AWA Amendments: Improved Standards for Laboratory Animals",
      "year": "1985",
      "summary": "Congress strengthened requirements for IACUCs, training, exercise/enrichment, and reporting. These amendments clarified IACUC authority, training, and species-typical needs (exercise/enrichment), elevating expectations nationally.",
      "what_happened": "Public concern and investigations prompted statutory enhancements to oversight and standards. These amendments clarified IACUC authority, training, and species-typical needs (exercise/enrichment), elevating expectations nationally.",
      "what_went_wrong": [
        "Weak institutional oversight mechanisms and limited accountability.",
        "Insufficient training and continuing education for personnel working with animals.",
        "Poor consideration of psychological well-being and species-typical needs."
      ],
      "what_we_learned": [
        "IACUC authority and responsibilities must be clearly defined and enforced.",
        "Training and continuing education are required elements of a compliant program.",
        "Standards should address exercise/enrichment and well-being for covered species."
      ],
      "related_protections": [
        "9 CFR §2.31 — Institutional Animal Care and Use Committee (IACUC)",
        "9 CFR §2.32 — Personnel qualifications and training",
        "9 CFR Part 3 — Exercise/enrichment standards for certain species",
        "Guide 2011, Ch. 3 (Environment, Housing, and Management) — Social housing and enrichment as defaults with justification for exceptions"
      ],
      "id": "awa-1985-amendments"
    },
    "hrea-1985": {
      "title": "Health Research Extension Act",
      "year": "1985",
      "summary": "Federal statute requires IACUCs and adherence to PHS Policy for NIH-supported research. Congress codified IACUCs for NIH-supported research, aligning statutory requirements with PHS Policy and the Guide.",
      "what_happened": "Congress codified core expectations for IACUC oversight in PHS-funded research. Congress codified IACUCs for NIH-supported research, aligning statutory requirements with PHS Policy and the Guide.",
      "what_went_wrong": [
        "Non-uniform adoption of IACUC oversight among PHS-funded awardees.",
        "Limited statutory clarity on humane care obligations in funded research."
      ],
      "what_we_learned": [
        "Statutory mandates ensure consistent IACUC oversight across awardees.",
        "Programs must align with PHS Policy and the Guide as part of funding conditions."
      ],
      "related_protections": [
        "42 U.S.C. §289d — Animal care guidelines and IACUCs for entities receiving NIH funds",
        "PHS Policy IV.A — Assurance; program based on the Guide"
      ],
      "id": "hrea-1985"
    },
    "guide-2011": {
      "title": "Guide for the Care and Use of Laboratory Animals (8th ed.)",
      "year": "2011",
      "summary": "Comprehensive guidance emphasizing performance standards, refinement, enrichment, and programmatic oversight. The 8th edition emphasized performance standards, encouraging local innovations so long as outcomes met welfare goals.",
      "what_happened": "Major revision consolidated best practices and modernized expectations for animal care and use programs. The 8th edition emphasized performance standards, encouraging local innovations so long as outcomes met welfare goals.",
      "what_went_wrong": [
        "Overreliance on prescriptive checklists without evaluating outcomes and animal well-being.",
        "Inconsistent application of refinement and humane endpoints across protocols."
      ],
      "what_we_learned": [
        "Performance standards focus on outcomes rather than strict prescriptions.",
        "Refinement and humane endpoints must be embedded in protocol design and post-approval monitoring."
      ],
      "related_protections": [
        "PHS Policy IV.A — Programs based on the Guide; outcome-based expectations",
        "Guide 2011, Ch. 3 (Environment, Housing, and Management) — Social housing and enrichment as defaults with justification for exceptions"
      ],
      "id": "guide-2011"
    },
    "us-surgical-training-1980s-1990s": {
      "title": "U.S. Surgical Training Practices",
      "year": "1990",
      "summary": "Public scrutiny of survival/terminal training raised expectations for oversight, justification, and alternatives. Public scrutiny accelerated adoption of alternatives and strengthened IACUC review of training uses outside core research.",
      "what_happened": "Use of animals in device and surgical training prompted calls for refinement and alternatives when feasible. Public scrutiny accelerated adoption of alternatives and strengthened IACUC review of training uses outside core research.",
      "what_went_wrong": [
        "Inadequate justification for animal numbers and lack of consideration of non-animal alternatives.",
        "Gaps in aseptic technique and perioperative care during training activities."
      ],
      "what_we_learned": [
        "IACUCs must require scientific justification for animal numbers and consider alternatives (Replacement/Reduction).",
        "Aseptic technique and perioperative care standards apply equally to training activities."
      ],
      "related_protections": [
        "9 CFR §2.31(d)(1)(i) — IACUC review of alternatives and justification for animal use and numbers",
        "Guide 2011, Ch. 4 (Veterinary Care) — Aseptic technique for survival surgery"
      ],
      "id": "us-surgical-training-1980s-1990s"
    },
    "columbia-suspension-1988": {
      "title": "Columbia University USDA Suspension",
      "year": "1988",
      "summary": "USDA action highlighted consequences for systemic deficiencies in animal care and compliance. The action illustrated that recordkeeping and husbandry are not administrative niceties but preconditions for animal wellbeing and compliance.",
      "what_happened": "Findings included inadequate husbandry, documentation, and oversight, prompting corrective actions. The action illustrated that recordkeeping and husbandry are not administrative niceties but preconditions for animal wellbeing and compliance.",
      "what_went_wrong": [
        "Systemic deficiencies in husbandry and sanitation resulted in welfare concerns.",
        "Poor documentation and recordkeeping impeded oversight and corrective action."
      ],
      "what_we_learned": [
        "Routine sanitation, husbandry documentation, and corrective action plans are essential.",
        "Accurate records (protocols, training, health) enable accountability and traceability."
      ],
      "related_protections": [
        "9 CFR Part 3 — Standards for housing, sanitation, and husbandry for covered species",
        "9 CFR §2.35 — Records: Research facilities; maintenance and inspection for traceability"
      ],
      "id": "columbia-suspension-1988"
    },
    "chimp-act-2000": {
      "title": "CHIMP Act and NIH Chimpanzee Policies",
      "year": "2000",
      "summary": "Established sanctuary system and later NIH policies effectively ended most chimpanzee research. NIH policies later narrowed permissible use, pairing statutory sanctuary systems with policy limits on invasive research.",
      "what_happened": "Congress and NIH developed statutory and policy frameworks for long-term care and limits on research. NIH policies later narrowed permissible use, pairing statutory sanctuary systems with policy limits on invasive research.",
      "what_went_wrong": [
        "Long-lived great apes in research raised profound welfare and ethical concerns.",
        "Insufficient planning for lifetime care and retirement of chimpanzees."
      ],
      "what_we_learned": [
        "Special statutory frameworks may be needed for certain species with unique welfare needs.",
        "Programs must plan for lifetime care and retirement when appropriate."
      ],
      "related_protections": [
        "42 U.S.C. §283m — Chimpanzee Health Improvement, Maintenance, and Protection (CHIMP) Act",
        "NIH Chimpanzee Research Policy (2015) — Ends most invasive chimpanzee research"
      ],
      "id": "chimp-act-2000"
    },
    "species-specific-welfare-advances-1990s-2010s": {
      "title": "Species-Specific Welfare Advances",
      "year": "2011",
      "summary": "Evolving evidence informed species-specific enrichment, social housing, and pain management standards. Evidence on social housing, analgesia, and behavioral management matured into default expectations subject to justified exceptions.",
      "what_happened": "Refinements in rodent, primate, and other species care emphasized social housing and analgesia best practices. Evidence on social housing, analgesia, and behavioral management matured into default expectations subject to justified exceptions.",
      "what_went_wrong": [
        "Underutilization of social housing leading to stress and abnormal behaviors.",
        "Inconsistent analgesic regimens producing unmanaged post-procedural pain."
      ],
      "what_we_learned": [
        "Social housing is the default unless scientifically justified otherwise, with documented exceptions.",
        "Analgesia and anesthesia plans should be species- and procedure-appropriate and reviewed by the IACUC."
      ],
      "related_protections": [
        "Guide 2011, Ch. 3 (Environment, Housing, and Management) — Social housing as the default",
        "Guide 2011, Ch. 4 (Veterinary Care) — Pain and distress recognition and management"
      ],
      "id": "species-specific-welfare-advances-1990s-2010s"
    },
    "transit-and-field-studies-oversight-1990s-2010s": {
      "title": "Transport & Field Studies Oversight",
      "year": "2011",
      "summary": "Clarified responsibilities for animal transport and field research activities under IACUC oversight. Clarified roles and plans for transport and fieldwork reduced ambiguity and improved welfare during movement and remote activities.",
      "what_happened": "Growing attention to transport-related stress and field study oversight led to clearer standards. Clarified roles and plans for transport and fieldwork reduced ambiguity and improved welfare during movement and remote activities.",
      "what_went_wrong": [
        "Transport plans lacking provisions for climate, duration, and monitoring.",
        "Ambiguity about when field studies require IACUC oversight and veterinary input."
      ],
      "what_we_learned": [
        "Transport must follow species-appropriate standards and contingency planning.",
        "IACUCs must determine oversight needs for field studies and ensure veterinary involvement when indicated."
      ],
      "related_protections": [
        "9 CFR Part 3 — Transport standards (subparts for species)",
        "Guide 2011, Ch. 4 (Transport of Animals) — Planning, monitoring, and documentation",
        "Guide 2011, Ch. 4 (Transport of Animals) — Planning, monitoring, and documentation"
      ],
      "id": "transit-and-field-studies-oversight-1990s-2010s"
    }
  }
}